video_id,caption,cover_text,vertical,format,commercial
92,“你的四月好运正在派件 请保持好心情🍀”,,Unclear,unclear,False
110,#忘川的河 #手势舞 #快手魔法表情 @我要上热门(O1907752910) @快手舞蹈(O40300097) @快手粉条(O40300047),《忘川的河》 抱紧累累伤痛谁来渡我《忘川的河》,Dance,original,False
191,入骨相思知不知#就不与素颜和解 #妆前妆后 #是诗里的国风少年吗,妆前妆后,"Beauty, fashion and looks",original,False
197,只因一碗泡面，男主杀光100玩万游戏玩家! #漫画推荐 #有声漫画 #快手漫动力,,Anime and comics,clip_or_reupload,False
211,千秋公案翻云雨 谁人能识古坤元……#集结吧光合创作者 百顷良田变土田。 无字碑头镌满字,,Knowledge and tech,unclear,False
281,爱是一种天赋，亲爱的。 #拾芥,被天使吻过的嗓子,Music,original,False
289,#集结吧光合创作者 #热门 #快手小剧场 我曾捡到过一束光，日落时还给了太阳。   男主：@顾沈🍃梓琪(O1588957293),,Short drama,original,False
305,最难的一次躲猫猫，2名隐身玩家和1名老六玩家，谁能获得冠军？ #集结吧光合创作者,,Gaming,original,False
313,希望所有粉丝和偶像都能双向奔赴 #ive #LOVEDIVE #lovedive翻跳,,Dance,original,False
331,生活变故，女儿病重，单身父亲带着女儿来到一个陌生的城市求医。因为没钱住进了女儿主治医师的家里，后来又遇见高中时的竹马…… #小说 #变装 #在谁的怀中会有感觉,,Knowledge and tech,unclear,False
335,小夫妻骑行走反路，误入东北饺子馆。秦岚当场撂脸子，张若昀机智回应，大秀土味情话！,,Film and TV,clip_or_reupload,False
386,提问！你那边的书店里，《二哈》叫什么名字#二哈和他的白猫师尊 #海棠微雨共归途 @快手新知(O40300169) @快手小店(O40300141),,Knowledge and tech,unclear,False
398,一看就能学会的油画风景蛋糕 #南京烘焙培训 #蛋糕培训 #西点烘焙培训,,Food,original,True
463,#电影军火大劫案 #快手娱乐星熠计划第七期 #春日追剧计划单 @快手热点(O40300129),,Film and TV,clip_or_reupload,False
482,第3集：孩子的智商到底随爸还是随妈？#尹烨  #生命科学  #杨澜,,Knowledge and tech,clip_or_reupload,False
484,她们中谁的地位最高呢？#杨妃  #李世民,,Knowledge and tech,unclear,False
493,#支持原创作品 #快手粉条 #快手热门,,Unclear,unclear,False
501,视频聊天“闹鬼”，好家伙，氛围直接拉满😂#整活  #视频聊天,,Comedy,original,False
516,如果他们联手，能打的过帝俊吗？ #明世隐,,Gaming,unclear,False
546,“爱是势均力敌且极具张力的”,,Unclear,unclear,False
600,框框一顿增高 #穿搭  #帅气穿搭    #快手时尚带你上热门,,"Beauty, fashion and looks",original,False
605,看完偶 #学校 #内容过于真实 #快手热点,,Unclear,unclear,False
617,跟着节奏一起来跳舞吧！简单好学～@今天拍点啥(O840386039) @快手舞蹈(O40300097),,Dance,original,False
639,#不甘 #大熊完整视频合集 #快手最美广场舞 @快手广场舞(O40300008),,Dance,original,False
647,川崎玫瑰慢速版来了，快艾特你最爱的人给你做，真的很漂亮 #川崎玫瑰花 #折纸玫瑰花 #手工制作,川崎玫瑰慢速版,Arts and photography,original,False
656,打劫遇上“苦命”姑娘 #搞笑  #天生我有戏  #中视频百万俱乐部  @快手喜剧(O40300109)  @快手热点(O40300129),,Comedy,original,False
669,《我的青梅竹马是个”护夫狂魔”》 #如此可爱的我们 #猕猴桃四月必看,,Film and TV,clip_or_reupload,False
702,高考报强基，低分进985的绝佳选择，但这5类人不适合！@快手热点(O40300129) @我要上热门(O1907752910)  #志愿填报 #教育 #守护向往,,Knowledge and tech,original,False
734,贴纸对小孩儿来说很幼稚 但对我来说刚刚好#贴纸拍照 #美妆,,"Beauty, fashion and looks",original,False
792,《电梯惊魂之防护篇》戴好口罩减少聚集。#一甜相机 #一甜达人 #一甜超能P,,Comedy,original,False
796,没人能在感情中如鱼得水 大家都是爱的消费者 #动漫头像 #漫头 #超级好看动漫头像,,Anime and comics,clip_or_reupload,False
830,对郭老师有知遇之恩的马季,,Celebrity and entertainment,unclear,False
845,第五十四集大宝怒打秦华 #影视解说 #家庭婚姻情感,,Film and TV,clip_or_reupload,False
848,当代名著，《你是我的神》《怎么不算呢》《你没事吧》《羊胎素》《好多人啊》《阿瑟请坐》《不发火》你读过几本？ @小剑讲游戏(O2765998889)  #捕娱计划  #快手娱乐星熠计划第七期,,Celebrity and entertainment,clip_or_reupload,False
896,【哈登1V1突破取分】防哈登还能放左侧？正所谓防守人给什么，进攻球员就拿什么，那他可不客气了！此球过后，76人的领先再度回到两位数！#NBA75周年 #快看NBA,,Sports and fitness,clip_or_reupload,False
897,作为已经工作3年的我来说：也想告诉大家学历真的很重要,,Knowledge and tech,original,False
900,财阀一家究竟有多嚣张 #好剧推荐,,Film and TV,clip_or_reupload,False
909,女鬼为了能复仇，竟然连孟婆汤都不喝，果断放弃投胎机会,,Film and TV,clip_or_reupload,False
925,其实感情最怕的就是拖着… #体面 #为ta点歌,,Music,unclear,False
928,《嘉宾》怪我在你最美好的年华，没能力给你幸福…#为ta点歌 #嘉宾 #前任,,Music,unclear,False
978,狗子呆在水里三天三夜，终于练成捕鱼神功，一口一个大鲶鱼 #狗狗  #神奇动物  #快手放映室  @快手热点(O40300129),,Pets and animals,clip_or_reupload,False
1006,鱼香杏鲍菇的详细做法 #暖春美食大赏 #快手美食家 #跟着快手学做菜,,Food,original,False
1023,韩国人掏出雪人中单准备克制送死流，塞恩牙都笑掉了，到底谁克制谁？ #lol是种信仰  #英雄联盟点滴 #游戏凡星计划,,Gaming,clip_or_reupload,False
1041,你不是情商低，你是没力气#职场升值季  #崔璀  #职场晋升101,,Knowledge and tech,unclear,False
1071,因为误入歧途，没有见到妈妈最后一面，男人出狱开始复仇,,Film and TV,clip_or_reupload,False
1105,我们能从巴菲特价投中学到什么？ #我在快手读人间  #财富密码在人间  #巴菲特,,News and society,unclear,False
1117,“模板林书豪”华裔美式后卫沃尔特·林技术解析—投篮篇  #篮球教学  #投篮    #林书豪,,Sports and fitness,clip_or_reupload,False
1118,老母亲戏精上线，欺骗碧通将她接入宫中。 #快手放映室 #我在快手追好剧 @快手热点(O40300129),,Film and TV,clip_or_reupload,False
1128,万米高空的飞机上，男人突然惊呼好大的鲨鱼！ #电影解说   #快手娱乐星熠计划第七期   #怪物,,Film and TV,clip_or_reupload,False
1135,低脂懒人快手菜，几分钟就能搞定的营养糕点，不得了不得了！！！  #山药菠菜糕 #快手下饭菜,,Food,original,False
1173,大结局了 #热门 #智能推广 #童年,,Unclear,unclear,False
1251,yyds 元气满满 @超凡先锋✨柔柔(O374651959) @快手热点(O40300129) #超凡先锋 #Badlanders超凡先锋,,Gaming,original,False
1260,我的世界：mc通关后进入真实世界？开局只是像素块，通关进入现实,,Gaming,original,False
1285,我也不想给它开罐罐呀，可是它冲我开了花花诶！ #快手有萌猫 #jiojio #超治愈的小萌猫,,Pets and animals,original,False
1298,#集结吧光合创作者 #搞笑配音 #社死    真人工智能锁!真是神操作,,Comedy,clip_or_reupload,False
1319,国乐混搭民乐也太搞笑了吧！高晓攀认不出琵琶，竟然说它是。。。#国乐跨界名场面 #国乐大典收官之作 #国乐大典第四季,,Film and TV,clip_or_reupload,False
1376,这俩哥们儿太好玩了，远古素材不发可惜啊~ #钞能力代言人,,Comedy,original,False
1390,大小姐要不要跟我一起过夏天,,Unclear,unclear,False
1397,叶少阳来到李家圩子，给李总弟弟驱邪 #漫画推荐,,Anime and comics,clip_or_reupload,False
1410,我说的有道理不？ @米娜妈妈(O2045509474) @米娜爸爸(O1883474196) #亲子,我说的有道理不？,Family and relationships,original,False
1412,能入得了思聪法眼的女生不会太差 #张予曦 #你是凭实力刷到的,,Celebrity and entertainment,unclear,False
1419,天才小伙的传奇人生 #电影解说,,Film and TV,clip_or_reupload,False
1454,农村婆婆做饭不小心放错调料竟拯救了儿媳快到倒闭的餐厅 #婆媳 #下集更精彩 #解说,,Film and TV,clip_or_reupload,False
1482,同学有危险，男主吻上女孩解除封印 #动漫  #动漫解说  @快手热点(O40300129),,Anime and comics,clip_or_reupload,False
1516,飞是一起飞的😂😂人是提前没的,,Comedy,unclear,False
1529,#我们走着走着花就开了 走着走着就长大啦,,Unclear,unclear,False
1578,#ps  教你如何去除图片马赛克 #PS教学  #推广小助手,,Knowledge and tech,original,False
1600,小索尼克失足掉入河里，索尼克无力救助孩子，幸好纳克及时出手！ #刺猬索尼克  #动画片  #二次元,,Anime and comics,clip_or_reupload,False
1606,秦安县剧团演出《大登殿》 #弘扬非遗文化传承秦腔艺术 #传承秦腔文化弘扬正能量 #拍摄现场,,Arts and photography,original,False
1646,大婚之日，新娘被婆婆羞辱上吊自尽，孪生姐姐霸气复仇,,Short drama,clip_or_reupload,False
1660,这个小男孩满眼都是希望 #科比 #篮球新世代    #蓄能计划,,Sports and fitness,unclear,False
1730,#肯德基全家桶 #汉堡炸鸡,,Food,original,False
1749,明星路遇暴力会是什么反应 #李现  #李荣浩,,Celebrity and entertainment,clip_or_reupload,False
1753,听歌 搭档 @剑枭｀(O700372935) #煞兔 #ᴅᴇᴀᴛʜ #权念亦,,Music,unclear,False
1761,妈妈你睡了吗，我被你改完的这件辣妹小吊带辣的睡不着！ #妈妈旧衣改造 #穿搭 #弄潮儿来了,,"Beauty, fashion and looks",original,False
1773,#踏山河寻百花  住这里3年不出岛，给你5w一个月，有爱人陪伴，有手机有网，吃穿不愁，远离外界繁华，你愿意？ #在快手看遍美景 #用全景看世界 @快手热点(O40300129) @快手旅行(O40300142),,Everyday life and travel,original,False
1807,让人意想不到的骚操作🤣 #搞笑 #搞笑段子 #搞笑视频,,Comedy,unclear,False
1815,杨宗纬杀疯了！翻唱《我想要》“吊打”网红原唱，一点也不土了！#杨宗纬  #求杨宗纬把这首歌买下来吧,,Music,clip_or_reupload,False
1883,头太重是种什么体验 #萌萌的我就是这么可爱 #熊猫 #这也太可爱了叭,也是被萌翻的一天,Pets and animals,unclear,False
1886,现在的追求者太疯狂了，又被堵了，烦死了 #Vlog日常 #居家好物 #收纳与整理,,Everyday life and travel,original,True
1914,还有一种就是看完不点赞的😄#集结吧光合创作者 #搞笑 #合法但有病,,Comedy,original,False
1969,心惊胆战的拍完了视频…有种吃不了来回走的感觉😂 #萌娃 #人类幼崽成长计划,,Family and relationships,original,False
1996,#集结吧光合创作者 老六打法2.0版本学起来,,Gaming,original,False
2002,“愿你把生活过成诗 富盈美好而精致”农村改造房正式开启新家试住模式~ #新农村养老生活 #60岁,,Everyday life and travel,original,False
2007,#蒋龙花式夸杨洋  恭喜杨洋喜提拼命三郎称呼！#特战荣耀,,Celebrity and entertainment,clip_or_reupload,False
2015,泰拉瑞亚手游：射手选择枪系 子弹该用什么好呢 看我来推荐吧 #泰拉瑞亚手游,,Gaming,original,False
2072,村里最靓的女哈哈，忽略旁边这男的,菜市场村花舞🖤,Dance,original,False
2076,真的无语到家了 但是太好笑了,,Comedy,unclear,False
2113,2吨重巨型红木，打造超级奢侈装饰品 #原木  #纪录片,,Arts and photography,clip_or_reupload,False
2136,杨紫在娱乐圈有多受欢迎？前辈们对杨紫最高评价，演技炸裂太高能,,Celebrity and entertainment,clip_or_reupload,False
2148,当你有个学霸闺蜜是种什么体验？#情感 #闺蜜#生活,我的闺蜜是学霸！,Family and relationships,original,False
2174,有些孩子一旦沉迷游戏，是很难改变的！ #沉迷游戏 #家庭教育 #亲子教育,,Family and relationships,unclear,False
2184,按颜色做火漆印章 紫色篇 #火漆印章 #快手有潮ONE,,Arts and photography,original,False
2212,我emo了 诶 我装的 😂  #和平精英七喵,当七喵打倒小姐姐 没想到居然有才艺,Gaming,original,False
2223,邀月公主太过于心狠手辣 #好剧推荐 #影视解说 #武侠,,Film and TV,clip_or_reupload,False
2233,二次元萌妹眼睛画法！#集结吧光合创作者 #绘画 #画画,,Anime and comics,original,False
2249,#快影 #记录我的农村生活 #关爱农村老人 @快手光合作者助手(O40300118) @快手三农(O40300108) @快手热点(O40300129) 记录我们的农村幸福生活～,,Everyday life and travel,original,False
2292,像发哥这样吃早饭的还真没见过几人 #电影解说 #快手热点,,Film and TV,clip_or_reupload,False
2299,#波比的游戏时间  #波比玩闹时间  #搞笑 波比的哟咻时间：波比一直默默守护自己的孩子！,,Gaming,unclear,False
2335,第2集｜男主利用异能，竟然囚禁了一个小女孩！,,Film and TV,clip_or_reupload,False
2354,与其卑微的奉承一段感情，不如孤傲的独善其身 #蒋欣 #悸动剪辑馆,,Film and TV,clip_or_reupload,False
2399,你们住宿舍的时候，会在自己的物品上做记号吗？ #一人分饰多角色 #女生宿舍 #奇葩室友,,Comedy,original,False
2423,——  再相遇 希望我们还是记忆里的人。,,Unclear,unclear,False
2544,小辣条举牌举的都条件反射了😂 #萌宠 #龙猫 #快手宠物天团,,Pets and animals,original,False
2612,编织甲 #热门美甲 #快手美业小助手 #美甲教程,双色渐变编织甲,"Beauty, fashion and looks",original,False
2615,浙江八旬老汉屁股频繁着火，引来媒体争相报道，背后真相出人意料 #真人真事  #真实事件,,News and society,clip_or_reupload,False
2630,父女俩说：让我出去逛街透透气，我就纳闷呢，什么时候变得这么体贴，半路反回看到这一幕😡😡 #爸爸带娃系列,,Family and relationships,original,False
2643,开箱网红老虎钳，据说能瞬间剪断螺丝刀！真的好用吗？ #测评 #开箱,,Knowledge and tech,original,False
2648,#冬日影娱大作战  #星耀萌新计划  #快手娱乐星熠计划第七期,,Unclear,unclear,False
2686,#春日打卡方式 省钱打歌法视频2创【变废为宝】 #俞更寅新歌迟到的美好 #新歌速递,,Music,original,False
2698,梦开始的地方 #保罗乔治,,Sports and fitness,clip_or_reupload,False
2711,不同人捡到钱的反应 #舞蹈 #跑酷 #人类迷惑行为,不同人捡钱,Comedy,original,False
2712,对于xxs可能有些幼稚，但对于男高中生来说刚好 #晨儿女娲,,Unclear,unclear,False
2728,#当面是人背后是鬼 #手势舞 @快手热点(O40300129) @快手魔法表情(O1815060090) @快手光合作者助手(O40300118),当面是人背后是鬼 负了朋友问你心里可有愧,Dance,original,False
2744,短短三个月就爱上了别人 那个为他生儿育女的葛莉儿却在寒冷的冬日独自离开再无踪迹,,Film and TV,clip_or_reupload,False
2752,张馨予婚后生活太巴适了，沉迷种菜，简直就是现实版向往的生活#张馨予,,Celebrity and entertainment,clip_or_reupload,False
2771,#电影军火大劫案  #快手娱乐星熠计划第七期  #快手放映厅  @快手热点(O40300129),,Film and TV,clip_or_reupload,False
2786,你们吃过大米发糕吗？今天给大家试了一下这个洁白如雪的大米发糕，非常的成功，特别好吃😋你们赶紧来试试吧 #自己动手做美食 #跟着快手学做菜 #快手美食家,,Food,original,False
2807,#好几年,,Unclear,unclear,False
2820,第42集 | 韩林儿顺利称王，称号小明王，而且还差点娶了朱元璋的媳妇#好剧推荐  #精彩片段  #真命天子,,Film and TV,clip_or_reupload,False
2848,铠甲勇士官方梦幻联动耀杨整活？耀杨：真讨厌！ #铠甲勇士  #耀扬  #搞笑,,Film and TV,clip_or_reupload,False
2898,香格里拉的牦牛肉大餐。淡季旅游很实惠。 #快手带你去旅行 #跟着快手去旅行 #旅行美食,,Everyday life and travel,original,False
2903,总有人会赢 那个人为什么不是你  #地平线4摄影  #摄影调色 #保时捷911GT2RS,,Gaming,original,False
2986,买完东西还要哼唧两下的小朋友..,,Family and relationships,original,False
2999,#陈sir #jack陈 #机车 “陈sir的车队”,,Knowledge and tech,unclear,False
3020,#房子 #模型 #老照片里的旧时光 @快手热点(O40300129) @爱喝茶的山妹子(O1761416830) 现在还有这种房子吗？,,Arts and photography,original,False
3044,飞出个未来之隐藏剧情，班德的撩妹套路，如何做到与众不同的？#冬日影娱大作战 #快手娱乐星熠计划 #飞出个未来,,Anime and comics,clip_or_reupload,False
3082,下次来点什么好呢？各位  #火影忍者手游 #火影忍者 #宇智波斑,,Gaming,original,False
3110,快了设计一款属于你们彼此专属的发簪吧 #送给女朋友的礼物 #桃木簪子 #手工制作 @快手热点(O40300129) @快手光合作者助手(O40300118),,Arts and photography,original,True
3134,#集结吧光合创作者 超级飞侠蜡笔筒惊喜盲盒，有各种超级飞侠玩具变形蛋和趣变车,,Other,original,False
3150,我那么有趣 他亏惨了,,Unclear,unclear,False
3170,老爸花6万多元喜提大车，姑娘高兴的梳妆打扮，还炒小菜庆祝,,Everyday life and travel,original,False
3189,掌握这5个聊天细节，让女生从冷淡变热情 #情感 #追女生 #恋爱,,Family and relationships,original,False
3227,法官的“锤子”是干什么的，原来是很讲究的……（通辽市中级人民法院）  #政务原创作者联盟 #助农普法 #社会,,Knowledge and tech,original,False
3251,果然在鬼屋里 女孩子更坚强 #治愈系动漫  #搞笑动画片  #搞笑配音,,Anime and comics,clip_or_reupload,False
3291,日出山花红胜火，春来江水绿如蓝,,Unclear,unclear,False
3369,在家自制烤冷面卷火鸡面！希望所有姐妹狂吃不胖~#火鸡面 #烤冷面,,Food,original,False
3371,据说这道谜题，只有3个人能破解？ #天生我有戏  #反转,,Comedy,original,False
3393,大姐腿上长了个大肉瘤 #快手娱乐星熠计划第七期  #快手粉条,,Knowledge and tech,unclear,False
3400,勇敢走过的每一步都算数，是温柔且强大的小宋呀！#宋亚轩 #三个少年 #捕娱计划,,Celebrity and entertainment,clip_or_reupload,False
3414,#今日份的自拍 #丽江三部曲 #音乐律动 跟着节奏一起来♥️@快手热点(O40300129) @快手创作灵感小助手(O1815060300) @快手粉条(O40300047),,"Beauty, fashion and looks",original,False
3456,来感受一下消防车驾驶员的快乐#梅尼耶bgm卡点变装 #消防车 #蓝朋友,,Everyday life and travel,original,False
3494,近距离观看壁虎如何断尾求生，猫咪被惊的满脸问号 #世界真奇妙  #动物世界精彩集锦,,Pets and animals,clip_or_reupload,False
3520,人在逆境的时候没有那么坚强，再苦再累也得我们自己熬过去。男人站直别趴下！ #借钱   #短剧有好货,,Short drama,original,False
3553,一分十五秒这一波，能学多少就看你自己了！ #和平精英,,Gaming,original,False
3564,#山河明月 ：徐妙云生子难产血崩，马皇后大怒赐死海别，朱棣吓失声 #成毅  #冯绍峰,,Film and TV,clip_or_reupload,False
3565,赵甲第被打蔡姨英雄救美，红鲤不如蔡姨好，这人能处，有事她真上 #我叫赵甲第 #快手娱乐星熠计划第七期  #春日追剧计划单,,Film and TV,clip_or_reupload,False
3602,乾隆在位60年，只称刘统勋一人为真宰相！1,,Knowledge and tech,unclear,False
3609,#美甲教程分享 #腮红美甲教程 #美甲款式 腮红甲还可以这样做！手残党救星啊！,手残党专属 完美腮红甲教程,"Beauty, fashion and looks",original,False
3621,#谷爱凌说永远忘不了北京冬奥 我们也忘不了如此优秀真实的青蛙公主小谷呀！#谷爱凌,,Sports and fitness,clip_or_reupload,False
3633,天下第一人之争（20） #象棋,,Gaming,clip_or_reupload,False
3645,2022年没买房的可以笑了！#国家有帮扶政策,,News and society,unclear,False
3668,#史前一万年 #快手娱乐星熠计划第七期 #集结吧光合创作者,,Film and TV,clip_or_reupload,False
3687,不戴头盔？真实案例告诉你，后果很严重！#守规则平安行    #交通安全 #平安城市点亮者,,News and society,clip_or_reupload,False
3700,远古时期的导航VS现在的导航#机车  #剧情,,Comedy,original,False
3704,衣服清洁小妙招#小技巧 #小妙招 #生活小妙招,,Everyday life and travel,original,False
3807,#象棋绝杀 #象棋残局 #点赞百万创作者 @快手热点(O40300129),,Gaming,original,False
3808,每天都听新歌,,Music,unclear,False
3853,闺房能看见火山海，重重危机竟要靠发誓来通关？#春日暴击 #二次元新星,,Anime and comics,clip_or_reupload,False
3854,父母催婚搞笑场面 #搞笑视频 #花式催婚 #你们被催婚了吗,,Comedy,original,False
3977,今日话题：都说昨天那个版本dj不行，那么这个版本又回来了，我要你们的掌声和尖叫，,假如上网课放Dj (5),Comedy,original,False
3987,用快乐水煎蛋，赶紧来挑战！非常时期，一起宅家动手做美食 #宅家美食 #可乐煎蛋,,Food,original,False
4028,儿女对老妈的黄昏恋到底有木有影响 #集结吧光合创作者,,Family and relationships,unclear,False
4044,小伙索降300悬崖高空，探秘重庆睡仙洞，发现神秘石墙和陶碗！ #洞穴探险  #户外探险  #探秘,,Everyday life and travel,unclear,False
4074,漫威新英雄直接帅哭，看来都是月亮惹的祸（一）#月光骑士 #漫威 @快手热点(O40300129),,Film and TV,clip_or_reupload,False
4098,周是担心卫卿的精神状况，对卫卿是百般讨好#大约是爱2,,Film and TV,clip_or_reupload,False
4105,只因男人嘲讽了小丑两句，他竟然..... #惊悚  #小丑  #快看影视计划,,Film and TV,clip_or_reupload,False
4112,妹子走了，朱重八也跟着走了 @我要上热门(O1907752910) @快手热点(O40300129) #朱元璋 #快手娱乐星熠计划第七期 #猕猴桃好剧不断,,Film and TV,clip_or_reupload,False
4156,极品钨钢，制作一把宰羊刀，我太喜欢了 #厨房用品 #手工锻打 #水果刀,,Arts and photography,original,False
4194,别拿我的真心当sha🔪艾特你朋友给你画这个 #一甜相机 #一甜达人 #一甜超能P,教你P心碎剑,Arts and photography,original,False
4235,不做亏心事不怕鬼敲门 @郑云工作室(O324595239) #郑云 #郑云工作室 #高能段子手,,Comedy,original,False
4255,让我静静地荡一会儿秋千,,Unclear,unclear,False
4279,突然张嘴呼吸的声音，我能听八百遍 #快手萌宠天团 #萌宠生活碎片 #Super喵喵,,Pets and animals,original,False
4326,家里有男孩的，你要这样跟他说话，点赞收藏起来慢慢学，你会发现自己的孩子越来越优秀#育儿  #家庭教育  #大v说,,Family and relationships,unclear,False
4328,小翔奥特曼卡片已所剩无几！老爸又进三大箱新款！看看都有啥卡？ #奥特曼卡片 #集结吧光合创作者,,Other,original,True
4335,水上行走大挑战 行走距离最远的人 就能获得奖金 #集结吧光合创作者  #奇葩挑战  @快手热点(O40300129)  @快手粉条(O40300047),,Other,original,False
4366,胜负欲极强的的一对母女 又哄完一顿,哄他们俩吃饭饭,Family and relationships,original,False
4406,#集结吧光合创作者 时过境迁，沧海桑田，我们已不是当初的少年～《这条街》  #作品推广 #推广小助手,,Music,unclear,False
4430,#篮球 #搞笑 #内容过于真实 我打球最怕压力怪，你们呢,打球最怕压力怪,Comedy,original,False
4439,家庭版泡泡水的配方请笑纳！,,Everyday life and travel,original,False
4470,夏天到了 该有个夏天的颜色了,,Unclear,unclear,False
4513,干饭人日常流口水，叫我彩虹蛋糕 #粘土手工 #彩虹蛋糕,,Arts and photography,original,False
4520,有天秤座QQ的不一定有天秤的微信，有天秤座微信的不一定有天秤的电话，有天秤座电话的不一定有天秤座的快手，QQ微信电话快手都有的才是天秤座的SSSSVIP.,,Other,unclear,False
4601,2分多钟拍了五次，外面太吵了，听不见音乐，有的都没对上节奏，凑合听听歌曲吧，太好听了 #你在他乡还好吗 #手势舞 @快手热点(O40300129) @快手粉条(O40300047) @快手舞蹈(O40300097) @我要上热门(O1907752910),《你在他乡还好吗》dj 155秒完整版 《你在他乡还好吗》dj,Dance,original,False
4603,#焊接经验分享,这个创意真不错,Knowledge and tech,original,False
4618,#集结吧光合创作者 MPM12擎天柱算是目前官方电影线变形设计，变形流畅度较好的一款玩具，但是他还是有些许槽点，比如车型的猫耳朵，人形的门板手等……再改造前做一个纪念视频，看看原版的MPM12擎天柱是怎样从车型变成人形的。 #变形金刚 #春日暴击,MPM12擎天柱  如何从车变形,Other,original,False
4621,#电视剧亲爱的小孩 #任素汐 #母亲 @快手热点(O40300129) 任素汐的演技真的超棒,,Film and TV,clip_or_reupload,False
4633,奶龙是野外生存大师？ #春日暴击,,Anime and comics,unclear,False
4661,售价上千元的披肩是怎样制作的？先将羊毛纤维扯断，排成一排,,Arts and photography,unclear,False
4664,#最真的梦 #热门 #小镜子手舞团 @我要上热门(O1907752910) @快手热点(O40300129) @快手魔法表情(O1815060090),最真的梦 把我的心吹动最真的梦,Dance,original,False
4694,#美食  #记录我的农村生活 #农村美食,,Food,original,False
4702,如果是你，你会开这一枪吗？ #快手娱乐星熠计划第七期 #心理城市 #城市之光 @快手热点(O40300129),,Film and TV,clip_or_reupload,False
4726,你知道吗？人在高兴的时候 分泌的缩氨酸荷尔蒙，能杀死90%的癌细胞，所以啊，好的心态太重要了#胡剑云蝶变成长会  #人生 #智慧,,Knowledge and tech,unclear,False
4756,大天才78：一波未平一波又起，男主摊上大事了！ #漫画解说  #漫画推荐  #有声漫画,,Anime and comics,clip_or_reupload,False
4794,【塔罗占卜】站在男性视角你的颜值有多高呢？ #情感  #塔罗牌测试  #塔罗牌预测,,Other,original,False
4816,那个…现在建小号还来得及吗？😂 #漏风的小棉袄 @快手MCN(O40300042) @快手热点(O40300129) #人类幼崽有多可爱,,Family and relationships,original,False
4830,春暖花开了，蓝天白云碧绿河水，玩起来就完了  #春游  #小河边玩耍  #大可逛朝阳,,Everyday life and travel,original,False
4837,🇨🇳上海加油，祈祷全国的疫情早日过去🙏🏻🙏🏻🙏🏻 #众志成城共抗疫情 #上海加油 #不放弃手势舞 @快手粉条(O40300047) @快手正能量(O40300005) @快手创作者中心(O40300138),,Dance,original,False
4861,#集结吧光合创作者 #治愈神曲好一点舞蹈挑战 我们都会好一点,,Dance,original,False
4903,第一集：怎么办？我竟然穿越成了最弱的骷髅野怪 #二次元  #集结吧光合创作者,,Anime and comics,clip_or_reupload,False
4929,你知道在中外上古神话中，哪只史前巨兽的体重最重吗？（中）#神话,,Knowledge and tech,unclear,False
4964,洗了2双袜子还跑去告诉她爸爸，信不信我下次让你洗3双 #人类幼崽到底有多可爱 #萌娃搞笑日常 #快手萌娃天团 @快手热点(O40300129),她又告状来了😂,Family and relationships,original,False
5038,差点就演砸了。 #CF荣耀之巅 #游戏凡星计划,,Gaming,original,False
5065,漫画《神仙外卖单》21集：楚河要和前女友复合？#二次元 #有声漫画 #漫画解说,,Anime and comics,clip_or_reupload,False
5137,女孩想要什么，画出来就会成真，但她的老公受不了了#美剧  #快手娱乐星熠计划第七期,,Film and TV,clip_or_reupload,False
5148,#NBA  保罗罕见失误，太阳3打1快攻良机被浪费，队友抱头不敢相信。,,Sports and fitness,clip_or_reupload,False
5222,签装修合同需要注意什么？遇到不靠谱的装修公司怎么解除合同？ #装修合同  #解除合同  #装修必看,,Knowledge and tech,original,False
5252,#家庭百态 #农家生活 #记录农村生活日常 @快手三农(O40300108) @今天拍点啥(O840386039)  老爸爱吃韭菜馅水饺，回家给他包……,,Everyday life and travel,original,False
5253,#搜狐热剧享不停  #我在快手追好剧  #快手热点 男人和女人的故事刚刚开始,,Film and TV,clip_or_reupload,False
5265,#集结吧光合创作者 #搞笑配音 笨特工获得超人衣服变成超人，但没想到他俩竟然用超能力打扫卫生,,Comedy,clip_or_reupload,False
5292,半生漂泊未曾休…… #书法正能量,,Arts and photography,original,False
5296,良心，是做事的底线。人品，是做人的底牌。家财万贯，不如人品厚道。权力再大，不如为人善良。 #互相尊重 #剧星大赛 #天生我有戏  @快手小剧场(O40300067),,Short drama,original,False
5299,原来皇子也有叛逆期的#春日追剧计划单 #快手娱乐星熠计划第七期  #山河月明,,Film and TV,clip_or_reupload,False
5362,盘点让外国人狂热的中国美食，普京对烤鸭赞不绝口，竟然还顺走菜单,,Food,clip_or_reupload,False
5383,上古篮球皇帝“张大帅” #张伯伦,上古巨兽·张伯伦,Sports and fitness,clip_or_reupload,False
5387,游戏王5ds：为星尘龙而战#集结吧光合创作者 #游戏王 #春日暴击,2：为星尘龙而战,Anime and comics,clip_or_reupload,False
5461,子斩公子被气寒症突发 #春日暴击 @七徒.漫剪(O2424376819),,Film and TV,clip_or_reupload,False
5524,姐妹们 赶快艾特你的男朋友进来看看 哈哈哈 #备婚攻略 #婚礼 #明制汉服,,Family and relationships,unclear,False
5541,泰迦把酱油当可乐喝，吓坏小泽塔#快手剧星计划  #快手漫动力  #快手小剧场,,Anime and comics,unclear,False
5552,也许可能大概 明年就会变成三口之家👨‍👩‍👦  #婚后生活 #vlog,没有孩子 俩个人的婚后生活 太自在了,Family and relationships,original,False
5582,老师的外卖不见了？谁偷的？,,Comedy,unclear,False
5617,#集结吧光合创作者  #jj斗地主最牛操作  #斗地主的百种姿势 傻瓜式瞎搞裤衩都要输掉，严重怀疑会不会斗地主,,Gaming,original,False
5666,#集结吧光合创作者 #快手娱乐星熠计划第七期 #九五至尊 全集解说第19集,,Film and TV,clip_or_reupload,False
5672,明星仿妆：这确定不是本人吗，后面真的是越来越精彩！#娱乐 #明星 #搞笑,,"Beauty, fashion and looks",clip_or_reupload,False
5691,#感谢快手官大大每次热门推送,《弹棉花》16步加长版,Dance,original,False
5721,这以后还让我咋出门见人了😭,,Unclear,unclear,False
5736,这算是最大的爱心了😂 @可爱的朋哥哥（朋家）(O47883639)    #a4纸撕爱心,,Arts and photography,original,False
5786,媳妇准备了特色早餐，酸菜粿条汤，家人吃得开心#集结吧光合创作者,,Food,original,False
5789,玩个生存模式，怎么还被小狗吃了，他肚子里怎么还有条末影龙啊,,Gaming,original,False
5885,“生驹，你告诉我” “我该怎么做才好” “就算有百万只卡巴内我也会突破给你看的” ——无名  @xizt 动漫(O2002307204) @歪动漫(O1557034909) @小枫动漫(O2423350514) @快手热点(O40300129) @快手粉条(O40300047) @快手创作者中心(O40300138) #原创剪辑 #甲铁城 #动漫,,Anime and comics,clip_or_reupload,False
5890,美女穿越古代变成猫，收集到第一块奇怪的五彩石 #春日追剧计划单 #我在大理寺当宠物 #搜狐热剧享不停 @快手热点(O40300129),,Film and TV,clip_or_reupload,False
5893,这是一个做菜不仅好吃，心地还那么善良的小女孩 #猕猴桃四月必看  #温州一家人  #春日追剧计划单,,Film and TV,clip_or_reupload,False
5896,【考辛斯连续得分】他依然是那个考神！考辛斯正面接球出手彪中三分，之后背身接球1V2高弧度后仰再中！#NBA75周年,,Sports and fitness,clip_or_reupload,False
5903,你俩可真是一对 #念念无明 #春日追剧计划单 #我在快手追好剧 @快手热点(O40300129) @快手电影(O1815060089) @快手影视创作者(O40300198),,Film and TV,clip_or_reupload,False
5940,小马猴哈努曼10,,Unclear,unclear,False
5977,#快手娱乐星熠计划第七期 #春日追剧计划单 @快手热点(O40300129) @快手放映厅(O40300199) 生生不息奔涌向前，那不是给予而是报答,,Film and TV,clip_or_reupload,False
5988,豪快者通过魔法红考验，领悟真正的魔法力量 #海贼战队豪快者,,Film and TV,clip_or_reupload,False
6001,当牧童看到40kd玩家时，会发生什么？ #和平精英牧童 #无敌战神 #高kd,,Gaming,original,False
6054,你喜欢什么样的女孩子 跟姐说 姐给你变,,"Beauty, fashion and looks",original,False
6056,艾特你还不会过人的兄弟、来学这一招“尼克杨转身”吧。 #阿琪篮球实验 #篮球节奏控,尼克杨转身🔥,Sports and fitness,original,False
6074,善有善报恶有恶报，你救我一命，我救你一家 #姜武   #热门   @快手粉条(O40300047),,Film and TV,clip_or_reupload,False
6108,璃月宝箱全收集-璃月城宝箱收集1-13#原神 #流风眷堇庭 #原神攻略,,Gaming,original,False
6164,最令人满意的复仇方式 #复仇  #探索新奇  #记录片,,Unclear,clip_or_reupload,False
6187,32元买了4个咖宝蛋神，变身霸王龙简直帅呆了，这盒玩具赚大了 #玩具  #咖宝蛋神  #变形玩具,,Other,original,False
6205,千万别打着关心的旗号去阴阳孕妇！不然…#怀孕 #宝妈 #尴尬瞬间,,Family and relationships,original,False
6213,#分享妆容 #挑战苹果原相机 #美妆百万新星计划 新手淡颜妆 建议收藏起来慢慢化！,,"Beauty, fashion and looks",original,False
6221,#集结吧光合创作者 你觉得藏友的百万玉鹿，是否被做局了呢？,,Other,unclear,False
6267,今天浅浅换个头吧 #妆前妆后 #化妆前后对比 #就不与素颜和解,妆前妆后,"Beauty, fashion and looks",original,False
6283,感觉自己萌萌哒😘😘 #快手有非遗,萌萌的小女孩,Unclear,unclear,False
6291,终于让螃蟹一家老小团聚了😂 #美食 #记录我的农村生活,,Food,original,False
6306,来啦来啦~起风啦！！ #起风了,无声卡 🔥《起风了》🔥,Dance,original,False
6329,可乐考试全班唯一的100分，老师火冒三丈惩罚他，到底怎么回事？ #天生我有戏,,Comedy,original,False
6384,结局才是万万没想到 @快手热点(O40300129) #影视解说 #喜剧,,Film and TV,clip_or_reupload,False
6390,上期答案：千千喜欢上了自己的同班同学！#集结吧光合创作者 #春日暴击 #反转推理,,Unclear,unclear,False
6392,从赛前造型来看，巴罗尼也是个爱耍帅的人！！！ #mma #昆仑决  #职业拳击,,Sports and fitness,clip_or_reupload,False
6401,济南大哥卖肥肠，79一斤全是大肠头，全国8000个会员，销量惊人,,Food,original,False
6416,母爱真的很伟大啊,,Unclear,unclear,False
6431,周末就这样结束了，明天又是元气满满的周一🥳 @爱美的小尖尖吖(O146564814) #小尖尖吖 #苹果原相机 #分享 @快手VLOG【长快手】(O40300145) @我要上热门(O1907752910),,Everyday life and travel,original,False
6447,我的世界为什么没有鲨鱼,,Gaming,original,False
6529,#做饭我是认真的 #铁锅炖大鹅 #家庭美食教程,,Food,original,False
6546,土豆以后不要总是炒着吃了，你像我这样做酸酸甜可口 #土豆 #土豆的神仙吃法,,Food,original,False
6579,子弹击中苹果，是什么效果？ #搞笑配音 #搞笑视频 @快手热点(O40300129) @快手喜剧(O40300109) @快手小剧场(O40300067),,Comedy,clip_or_reupload,False
6603,国外小女孩，弟弟和姐姐玩起了捉迷藏，姐姐能成功找到他吗？,,Family and relationships,clip_or_reupload,False
6636,这个大马猴突然撸下了自己的头 @快手光合作者助手(O40300118)  #影视解说,,Film and TV,clip_or_reupload,False
6699,心机白莲花，连自己的父亲都算计 #追球 #猕猴桃四月必看,,Film and TV,clip_or_reupload,False
6727,8岁的儿子身上有淤青，一问后发现是被老师打了？家长向机构提出了退费，一个学期一万六，孩子上了一个月，能退多少呢？,,News and society,unclear,False
6731,闭上眼，画出你的样子！一遍遍的画！为此，这首歌录了二十多遍才录成😅😄   关播小哥哥，你快来看看我吧！   #快手歌王 @快手直播(O40300048)   @关播小助理(O2594524475) @家明(O2612369052) @我是关播(O40300056),只为把你画在我心里《画你》演唱：村花白静,Music,original,False
6742,野心面前别考验人性 #薛之谦,,Celebrity and entertainment,clip_or_reupload,False
6766,#看图猜成语 #疯狂猜成语 #强胜体育,,Gaming,unclear,False
6795,城市猎人 #集结吧光合创作者  #快手娱乐星熠计划  #快手放映厅  @快手影视创作者(O40300198),,Film and TV,clip_or_reupload,False
6820,带货翻车现场，一个比一个优秀，看到最后笑喷了 #搞笑 #主播带货翻车现场 #一定要看到最后哦,,Comedy,clip_or_reupload,False
6825,#快手健身  #高效燃脂  #燃脂有氧运动,,Sports and fitness,original,False
6855,把莲藕放进滚烫的开水中，出锅瞬间变美食，实在太下饭了,,Food,original,False
6885,@梦梦-吃不胖🥛(O1832024770) 世界很大，幸福很小，有你足矣.,,Unclear,unclear,False
6911,这老头手速真是天下无敌#猕猴桃好剧不断 #功夫 #快手娱乐星熠计划第七期 @快手热点(O40300129),,Film and TV,clip_or_reupload,False
6948,妻子刚遭到婆家人虐待出门，没想到就发现丈夫不忠一幕 #快手娱乐星褶计划第七期 #中视频百万俱乐部 #春日追剧计划单 @快手热点(O40300129),,Film and TV,clip_or_reupload,False
6964,善与恶 @屠小轩(O1672128142)  @屠小杰的王者农药(O1909182041)  @屠小杰的私生活(O1953471502),,Unclear,unclear,False
6998,波妞这下可惨了！被爸爸抓个正着！爸爸肯定要抱之前被揭秘的仇！,,Anime and comics,clip_or_reupload,False
7008,⚠谁说减肥不能吃零食？ 这些零食针的不胖人❗ 1⃣️个🈷️ 💥瘦2⃣️0⃣️斤 从190斤减到 现在170斤 从来没反弹 零食照样吃❗ 🎈零食大盘点 ⭐低卡博士鸡胸肉干（86大卡/袋） ⭐脱口肉鸡胸肉(42大卡/包） ⭐ffit8蛋白质威化饼干（44大卡/包） ⭐正官庄果冻（11大卡/袋） ⭐元气森林玉米须茶（0卡❗）#减肥 #零食 #减肥逆袭 @快手美妆(O1815060095) @快手时尚(O40300089) @快手创作者中心(O40300138),,Food,original,True
7013,只要本喵在，秃头这场战役你就不会输#不做秃头小宝贝 #快手原创动画 #宅猫日记,,Anime and comics,original,False
7047,#集结吧光合创作者 变玩胡侃:变形金刚动画中汽车人的角色数量要比霸天虎多的多！擎天柱时期和补天士时期都有一支负责侦查和信息传递的小队。他们就是汽车人的迷你部队! #变形金刚 #春日暴击,汽车人第一代      迷你部队,Other,original,False
7105,春天的韭菜像我这样做，皮薄馅多，外焦里软，特别美味，你也赶紧试试吧 #炸菜角 #家常美食 #春天变美从吃开始,,Food,original,False
7144,金刚巨兽，它来了！32米身高，158吨的庞然大物【侏罗纪世界18】  #游戏凡星计划   #中视频百万俱乐部   #侏罗纪世界,,Gaming,original,False
7156,渡合集（中）#集结吧光合创作者  #大宋映画  #逆水寒ol @快手热点(O40300129) @快手粉条(O40300047) @快手光合作者助手(O40300118),,Gaming,original,False
7172,#叶浩宇的生活碎片 说好的10分钟我看现在可能要一个小时@y航玮(O2569106970) @.小叶朋友圈(O247372437),,Everyday life and travel,original,False
7178,超人气英雄，钢铁侠战甲进化史，每一套都意义非凡 ！#漫威  #复仇者联盟  #每一帧都是热爱,,Film and TV,clip_or_reupload,False
7199,,二哈的报复心理有多强,Pets and animals,unclear,False
7300,忘没忘记和放没放下 是两码事.  #你的壁纸该换了 #干净壁纸 #ins壁纸 @快手热点(O40300129) @快手创作者中心(O40300138),ins温柔氛围感壁纸 第❽❺期,Arts and photography,clip_or_reupload,False
7305,这条狗狗现在依旧能够看出它绝望的眼神。,,Pets and animals,unclear,False
7326,#听郁可唯版删了吧会emo  她唱得真的好令人心碎内...专业歌手，还是牛的！！ #为歌而赞#快手娱乐星熠计划第七期,,Music,clip_or_reupload,False
7335,这样全能的小妈阿姨你心动了吗? #陈小纭 #神仙颜值,,Celebrity and entertainment,clip_or_reupload,False
7337,奶奶说: 一定要爱着点什么，它让我们变得坚韧、充盈、勇敢。,,Unclear,unclear,False
7363,黑化第二十三步：故弄玄虚（三）。宝子们，觉得小彤哥哥脸上东西很好笑的就打“哈哈哈”，没看到东西的就打“小彤最帅”#美妆,,"Beauty, fashion and looks",original,False
7405,毛毛虫蒸着吃，拿肉都不换 #快手美食家 @快手热点(O40300129) #暖春美食大赏,,Food,original,False
7414,#丸子妹 @SASA的丸子妹(O1039505165) @快手热点(O40300129) #集结吧光合创作者,,Unclear,unclear,False
7440,君生我未生,,Unclear,unclear,False
7441,#拉丁女孩自带闪光 你们就说绝不绝 #拉丁国标舞,,Dance,original,False
7486,你不能理所当然的享受她的青春和美好 却不愿接受她因为太爱你而常常失控的情绪 @可乐大人.525 🖤(O11796509),你只爱完美的她🎬 你想念的只是妆容精致,Family and relationships,unclear,False
7518,不是夫妻开房，只登记了一个人，被查到会怎么样。 #我在快手读人间 #入住酒店 @快手普法(O1815060134),,Knowledge and tech,original,False
7529,#快手娱乐星熠计划第七期 #我在快手追好剧 #快手放映室 @快手热点(O40300129),,Film and TV,clip_or_reupload,False
